event_id,settlement_id,merchant_id,event_type,event_ts,gross_amount,fee_amount,net_amount,currency,status,source_updated_at
se_001,set_001,m_001,SETTLED,2026-05-01 10:15:00,1050.00,50.00,1000.00,USD,FINAL,2026-05-01 10:20:00
se_002,set_002,m_002,SETTLED,2026-05-01 11:00:00,530.00,30.00,500.00,USD,FINAL,2026-05-01 11:05:00
se_003,set_003,m_001,REVERSED,2026-05-01 12:30:00,210.00,10.00,200.00,USD,FINAL,2026-05-01 12:35:00
se_004,set_004,m_003,SETTLED,2026-05-01 09:45:00,840.00,40.00,800.00,CAD,FINAL,2026-05-01 09:50:00
se_005,set_005,m_003,CHARGEBACK,2026-05-01 14:00:00,105.00,5.00,100.00,CAD,FINAL,2026-05-01 14:05:00
se_006,set_006,m_004,ADJUSTED,2026-05-01 15:20:00,0.00,0.00,25.00,CAD,FINAL,2026-05-01 15:25:00
se_007,set_007,m_005,SETTLED,2026-05-01 16:00:00,320.00,20.00,300.00,GBP,FINAL,2026-05-01 16:05:00
se_008,set_008,m_001,SETTLED,2026-05-01 17:00:00,130.00,5.00,125.00,USD,PENDING,2026-05-01 17:05:00
se_009,set_009,m_002,SETTLED,2026-05-02 10:00:00,420.00,20.00,400.00,USD,FINAL,2026-05-02 10:05:00
se_010,set_010,m_003,SETTLED,2026-05-02 11:30:00,630.00,30.00,600.00,CAD,FINAL,2026-05-16 08:00:00
se_011,set_011,m_004,SETTLED,2026-05-02 13:00:00,210.00,10.00,200.00,CAD,FINAL,2026-05-02 13:05:00
se_012,set_012,m_002,REVERSED,2026-05-02 14:00:00,105.00,5.00,100.00,USD,FINAL,2026-05-02 14:05:00
